pdDistricts,y,x
NORTHERN,37.78023,-122.432438
BAYVIEW,37.730131,-122.397955
CENTRAL,37.798917,-122.409779
INGLESIDE,37.725244,-122.44321
MISSION,37.7632,-122.421945
PARK,37.768137,-122.455355
RICHMOND,37.780196,-122.464303
TARAVAL,37.744097,-122.481533
TENDERLOIN,37.784215,-122.413019
SOUTHERN,37.775735,-122.403942
